{
    "descriptors_12": {
        "sf_xs": 54.1,
        "tokyo_xs": 72.06349206349206,
        "tokyo_night": 58.0952380952381
    }
}