{
    "uniform_soup_N12": {
        "sf_xs": 49.3,
        "tokyo_xs": 65.39682539682539,
        "tokyo_night": 46.666666666666664
    }
}